#SampleID	BarcodeSequence	Sample	Month	Infection	Genotype	Time	Geno.Infection
#q2:types	categorical	categorical	categorical	categorical	categorical	numeric	categorical
DK1	CCTCGCATGACC	DK1	6 mo	Yes	DKO	6	DKO.yes
DK2	GGCGTAACGGCA	DK2	6 mo	Yes	DKO	6	DKO.yes
DK3	GCGAGGAAGTCC	DK3	6 mo	Yes	DKO	6	DKO.yes
DK4	CAAATTCGGGAT	DK4	6 mo	Yes	DKO	6	DKO.yes
DK5	TTGTGTCTCCCT	DK5	6 mo	No	DKO	6	DKO.no
DK6	CAATGTAGACAC	DK6	6 mo	No	DKO	6	DKO.no
DK9	AACCACTAACCG	DK9	1 mo	No	DKO	1	DKO.no
DK10	AACTTTCAGGAG	DK10	3 mo	No	DKO	3	DKO.no
DK11	CCAGGACAGGAA	DK11	3 mo	No	DKO	3	DKO.no
DK12	GCGCGGCGTTGC	DK12	3 mo	No	DKO	3	DKO.no
DK13	GTCGCTTGCACA	DK13	1 mo	Yes	DKO	1	DKO.yes
DK14	TCCGCCTAGTCG	DK14	1 mo	Yes	DKO	1	DKO.yes
DK15	CGCGCAAGTATT	DK15	1 mo	Yes	DKO	1	DKO.yes
DK16	AATACAGACCTG	DK16	1 mo	Yes	DKO	1	DKO.yes
DK17	GGACAAGTGCGA	DK17	1 mo	No	DKO	1	DKO.no
DK18	TACGGTCTGGAT	DK18	1 mo	No	DKO	1	DKO.no
DK24	TTCAGTTCGTTA	DK24	6 mo	No	DKO	6	DKO.no
DK25	CCGCGTCTCAAC	DK25	3 mo	Yes	DKO	3	DKO.yes
DK26	CCGAGGTATAAT	DK26	3 mo	Yes	DKO	3	DKO.yes
DK27	AGATTCGCTCGA	DK27	3 mo	Yes	DKO	3	DKO.yes
DK28	TTGCCGCTCTGG	DK28	3 mo	Yes	DKO	3	DKO.yes
DK29	AGACTTCTCAGG	DK29	3 mo	Yes	DKO	3	DKO.yes
DK30	TCTTGCGGAGTC	DK30	3 mo	Yes	DKO	3	DKO.yes
DK31	CTATCTCCTGTC	DK31	3 mo	Yes	DKO	3	DKO.yes
DK32	AAGGCGCTCCTT	DK32	1 mo	Yes	DKO	1	DKO.yes
DK33	GATCTAATCGAG	DK33	1 mo	Yes	DKO	1	DKO.yes
DK34	CTGATGTACACG	DK34	1 mo	Yes	DKO	1	DKO.yes
DK35	ACGTATTCGAAG	DK35	1 mo	Yes	DKO	1	DKO.yes
DK36	GACGTTAAGAAT	DK36	6 mo	Yes	DKO	6	DKO.yes
DK37	TGGTGGAGTTTC	DK37	6 mo	Yes	DKO	6	DKO.yes
DK38	TTAACAAGGCAA	DK38	6 mo	Yes	DKO	6	DKO.yes
DK39	AACCGCATAAGT	DK39	6 mo	Yes	DKO	6	DKO.yes
LP1	CGCAATGAGGGA	LP1	6 mo	Yes	Trif	6	Trif.yes
LP2	CCGCAGCCGCAG	LP2	6 mo	Yes	Trif	6	Trif.yes
LP3	TGGAGCCTTGTC	LP3	6 mo	Yes	Trif	6	Trif.yes
LP4	TTACTTATCCGA	LP4	6 mo	Yes	Trif	6	Trif.yes
LP5	ATGGGACCTTCA	LP5	1 mo	Yes	Trif	1	Trif.yes
LP6	TCCGATAATCGG	LP6	1 mo	Yes	Trif	1	Trif.yes
LP7	AAGTCACACACA	LP7	1 mo	Yes	Trif	1	Trif.yes
LP8	GAAGTAGCGAGC	LP8	1 mo	Yes	Trif	1	Trif.yes
LP9	CACCATCTCCGG	LP9	1 mo	Yes	Trif	1	Trif.yes
LP10	GTGTCGAGGGCA	LP10	1 mo	Yes	Trif	1	Trif.yes
LP11	TTCCACACGTGG	LP11	1 mo	Yes	Trif	1	Trif.yes
LP12	AGAATCCACCAC	LP12	1 mo	Yes	Trif	1	Trif.yes
LP13	ACGGCGTTATGT	LP13	3 mo	Yes	Trif	3	Trif.yes
LP14	GAACCGTGCAGG	LP14	3 mo	Yes	Trif	3	Trif.yes
LP15	ACGTGCCTTAGA	LP15	3 mo	Yes	Trif	3	Trif.yes
LP16	AGTTGTAGTCCG	LP16	3 mo	Yes	Trif	3	Trif.yes
LP17	AGGGACTTCAAT	LP17	3 mo	Yes	Trif	3	Trif.yes
LP18	CGGCCAGAAGCA	LP18	6 mo	No	Trif	6	Trif.no
LP19	TGGCAGCGAGCC	LP19	6 mo	No	Trif	6	Trif.no
LP20	GTGAATGTTCGA	LP20	6 mo	No	Trif	6	Trif.no
LP21	TATGTTGACGGC	LP21	6 mo	No	Trif	6	Trif.no
LP23	AGTGTTTCGGAC	LP23	3 mo	No	Trif	3	Trif.no
LP24	ATTTCCGCTAAT	LP24	3 mo	No	Trif	3	Trif.no
LP25	CAAACCTATGGC	LP25	3 mo	No	Trif	3	Trif.no
LP26	CATTTGACGACG	LP26	1 mo	No	Trif	1	Trif.no
LP27	ACTAAGTACCCG	LP27	1 mo	No	Trif	1	Trif.no
LP28	CACCCTTGCGAC	LP28	1 mo	No	Trif	1	Trif.no
LP32	GATGCCTAATGA	LP32	3 mo	Yes	Trif	3	Trif.yes
LP33	GTACGTCACTGA	LP33	3 mo	Yes	Trif	3	Trif.yes
LP34	TCGCTACAGATG	LP34	3 mo	Yes	Trif	3	Trif.yes
LP43	CCGGCTTATGTG	LP43	6 mo	Yes	Trif	6	Trif.yes
LP44	ATAGTCCTTTAA	LP44	6 mo	Yes	Trif	6	Trif.yes
LP45	TCGAGCCGATCT	LP45	6 mo	Yes	Trif	6	Trif.yes
LP46	AGTGCAGGAGCC	LP46	6 mo	Yes	Trif	6	Trif.yes
MD23	GCTGCGTATACC	MD23	6 mo	No	MyD88	6	MyD88.no
MD24	CTCAGCGGGACG	MD24	6 mo	No	MyD88	6	MyD88.no
MD38	CCGGCCGCGTGC	MD38	3 mo	No	MyD88	3	MyD88.no
MD39	ATTATGATTATG	MD39	3 mo	No	MyD88	3	MyD88.no
MD40	CGAATACTGACA	MD40	3 mo	No	MyD88	3	MyD88.no
MD41	TCTTATAACGCT	MD41	3 mo	No	MyD88	3	MyD88.no
MD43	TAAGGTCGATAA	MD43	1 mo	No	MyD88	1	MyD88.no
MD44	GTTGCTGAGTCC	MD44	1 mo	No	MyD88	1	MyD88.no
MD45	ACACCGCACAAT	MD45	1 mo	No	MyD88	1	MyD88.no
BL36	GAGAAGCTTATA	BL36	3 mo	No	WT	3	WT.no
BL40	GCCGCCAGGGTC	BL40	1 mo	No	WT	1	WT.no
BL42	ACACACCCTGAC	BL42	6 mo	No	WT	6	WT.no
MD1	CAGGGTAGGGTA	MD1	6 mo	Yes	MyD88	6	MyD88.yes
MD2	GTAAATTCAGGC	MD2	6 mo	Yes	MyD88	6	MyD88.yes
MD3	ACCCGGATTTCG	MD3	6 mo	Yes	MyD88	6	MyD88.yes
MD4	GTGACCCTGTCA	MD4	6 mo	Yes	MyD88	6	MyD88.yes
MD5	AGCAACATTGCA	MD5	6 mo	Yes	MyD88	6	MyD88.yes
MD6	CAGTGTCATGAA	MD6	6 mo	Yes	MyD88	6	MyD88.yes
MD7	GTTGACCATCGC	MD7	1 mo	Yes	MyD88	1	MyD88.yes
MD8	AGACACCAATGT	MD8	1 mo	Yes	MyD88	1	MyD88.yes
MD9	CGCAGATTAGTA	MD9	1 mo	Yes	MyD88	1	MyD88.yes
MD10	TCCTAGGTCCGA	MD10	1 mo	Yes	MyD88	1	MyD88.yes
MD11	GGCCTATAAGTC	MD11	3 mo	Yes	MyD88	3	MyD88.yes
M12	CTCTATTCCACC	M12	3 mo	Yes	MyD88	3	MyD88.yes
MD13	CTAGTCGCTGGT	MD13	3 mo	Yes	MyD88	3	MyD88.yes
MD14	AATATCGGGATC	MD14	3 mo	Yes	MyD88	3	MyD88.yes
MD15	AAGCCTCTACGA	MD15	3 mo	Yes	MyD88	3	MyD88.yes
MD16	GAGAATGGAAAG	MD16	3 mo	Yes	MyD88	3	MyD88.yes
MD17	GCTTCATTTCTG	MD17	3 mo	Yes	MyD88	3	MyD88.yes
MD18	CATTCAGTTATA	MD18	3 mo	Yes	MyD88	3	MyD88.yes
MD19	CCAGATATAGCA	MD19	6 mo	No	MyD88	6	MyD88.no
MD20	TCATACAGCCAG	MD20	6 mo	No	MyD88	6	MyD88.no
MD21	CTCATATGCTAT	MD21	6 mo	No	MyD88	6	MyD88.no
MD22	CTCTTCTGATCA	MD22	6 mo	No	MyD88	6	MyD88.no
MD25	CGCGGCGCAGCT	MD25	1 mo	No	MyD88	1	MyD88.no
MD28	ATGGATAGCTAA	MD28	1 mo	Yes	MyD88	1	MyD88.yes
MD29	AGAAGGCCTTAT	MD29	1 mo	Yes	MyD88	1	MyD88.yes
MD30	TGGACTCAGCTA	MD30	1 mo	Yes	MyD88	1	MyD88.yes
MD31	GCGATGGCGATG	MD31	1 mo	Yes	MyD88	1	MyD88.yes
MD32	TAGGAGAGACAG	MD32	3 mo	No	MyD88	3	MyD88.no
MD33	CAGTAGCGATAT	MD33	3 mo	No	MyD88	3	MyD88.no
MD34	CCACTCTCTCTA	MD34	3 mo	No	MyD88	3	MyD88.no
MD35	TATCGTTATCGT	MD35	3 mo	No	MyD88	3	MyD88.no
MD42	ATGTATCAATTA	MD42	1 mo	No	MyD88	1	MyD88.no
MD46	CAAATGGTCGTC	MD46	6 mo	Yes	MyD88	6	MyD88.yes
MD47	ACACGCGGTTTA	MD47	6 mo	Yes	MyD88	6	MyD88.yes
BL1	AAGCCGGGTCCG	BL1	6 mo	Yes	WT	6	WT.yes
BL2	AGGACGCCAGCA	BL2	6 mo	Yes	WT	6	WT.yes
BL3	TTGGAACGGCTT	BL3	6 mo	Yes	WT	6	WT.yes
BL4	TGTTGCGTTTCT	BL4	3 mo	Yes	WT	3	WT.yes
BL5	TTATACGTTGTA	BL5	3 mo	Yes	WT	3	WT.yes
BL6	GGTGTGAGAAAG	BL6	3 mo	Yes	WT	3	WT.yes
BL7	GCCAAGGATAGG	BL7	3 mo	Yes	WT	3	WT.yes
BL8	GAACAAAGAGCG	BL8	3 mo	Yes	WT	3	WT.yes
BL9	ATTCGGTAGTGC	BL9	3 mo	Yes	WT	3	WT.yes
BL10	CGCTGGCTTTAG	BL10	3 mo	Yes	WT	3	WT.yes
BL11	CAGCTGGTTCAA	BL11	3 mo	Yes	WT	3	WT.yes
BL12	CTTGAGAAATCG	BL12	1 mo	No	WT	1	WT.no
BL13	CGAGGGAAAGTC	BL13	1 mo	No	WT	1	WT.no
BL14	GAATGCGTATAA	BL14	1 mo	No	WT	1	WT.no
BL15	TACCTGTGTCTT	BL15	1 mo	No	WT	1	WT.no
BL16	GCTATATCCAGG	BL16	6 mo	No	WT	6	WT.no
BL17	CATGATTAAGAG	BL17	6 mo	No	WT	6	WT.no
BL18	ACCTATGGTGAA	BL18	6 mo	No	WT	6	WT.no
BL19	AATCTAACAATT	BL19	6 mo	No	WT	6	WT.no
BL20	GTTCCATCGGCC	BL20	3 mo	No	WT	3	WT.no
BL21	AGACAGTAGGAG	BL21	3 mo	No	WT	3	WT.no
BL22	ATAGACACTCCG	BL22	3 mo	No	WT	3	WT.no
BL23	ACGGCCCTGGAG	BL23	3 mo	No	WT	3	WT.no
BL24	CTTCAAGATGGA	BL24	6 mo	Yes	WT	6	WT.yes
BL25	CACAATACACCG	BL25	6 mo	Yes	WT	6	WT.yes
BL26	AGCACCGGTCTT	BL26	6 mo	Yes	WT	6	WT.yes
BL27	ACGCCGAGGTAG	BL27	6 mo	Yes	WT	6	WT.yes
BL28	CTCACGCAATGC	BL28	1 mo	Yes	WT	1	WT.yes
BL29	ATCGTTATATCA	BL29	1 mo	Yes	WT	1	WT.yes
BL30	TACTTAAACATC	BL30	1 mo	Yes	WT	1	WT.yes
BL32	GTGCGAGGACAA	BL32	1 mo	Yes	WT	1	WT.yes
BL33	CTTTGATAATAA	BL33	1 mo	Yes	WT	1	WT.yes
BL34	CATAAATTCTTG	BL34	1 mo	Yes	WT	1	WT.yes
BL35	CTGTAAAGGTTG	BL35	1 mo	Yes	WT	1	WT.yes
BL31	GTTGGTTGGCAT	BL31	1 mo	Yes	WT	1	WT.yes
BL37	GAACGATCATGT	BL37	3 mo	No	WT	3	WT.no
BL38	TCAGTCAGATGA	BL38	3 mo	No	WT	3	WT.no
BL39	CTGGTCTTACGG	BL39	3 mo	No	WT	3	WT.no
BL41	ACAAAGGTATCA	BL41	1 mo	No	WT	1	WT.no
MD26	GTAAACGACTTG	MD26	1 mo	No	MyD88	1	MyD88.no
MD27	TAGCGCGAACTT	MD27	1 mo	No	MyD88	1	MyD88.no
MD36	GCGCTTAGAATA	MD36	6 mo	No	MyD88	6	MyD88.no
MD37	GCAAAGGCCCGC	MD37	6 mo	No	MyD88	6	MyD88.no
DK7	GACATCTGACAC	DK7	6 mo	No	DKO	6	DKO.no
DK8	CTGCGGATATAC	DK8	6 mo	No	DKO	6	DKO.no
DK19	GCGCACACCTTC	DK19	1 mo	No	DKO	1	DKO.no
DK20	AACGGGCGACGT	DK20	3 mo	No	DKO	3	DKO.no
DK21	CTCCACATTCCT	DK21	3 mo	No	DKO	3	DKO.no
DK22	CGAACGTCTATG	DK22	3 mo	No	DKO	3	DKO.no
DK23	ATGCCGGTAATA	DK23	6 mo	No	DKO	6	DKO.no
LP22	TGAACCCTATGG	LP22	3 mo	No	Trif	3	Trif.no
LP29	TTGGACGTCCAC	LP29	1 mo	No	Trif	1	Trif.no
LP30	ATGTAGGCTTAG	LP30	1 mo	No	Trif	1	Trif.no
LP31	AGAGGAGTCGAC	LP31	1 mo	No	Trif	1	Trif.no
LP35	CTCCCACTAGAG	LP35	6 mo	No	Trif	6	Trif.no
LP36	AATTTCCTAACA	LP36	6 mo	No	Trif	6	Trif.no
LP37	GTGAGGGCAAGT	LP37	6 mo	No	Trif	6	Trif.no
LP38	CACGAAAGCAGG	LP38	6 mo	No	Trif	6	Trif.no
LP39	TACTGAGCCTCG	LP39	3 mo	No	Trif	3	Trif.no
LP40	TCTTCGCAGCAG	LP40	3 mo	No	Trif	3	Trif.no
LP41	CAGTCCCTGCAC	LP41	3 mo	No	Trif	3	Trif.no
LP42	ATCAAGATACGC	LP42	3 mo	No	Trif	3	Trif.no